word,translation,partofspeech
a little,poko,
a pity,pekado,
above;over;on top,ensíma,
absent-minded,distraido/a,
accentuate;stress,aksantuar,
accentuation,aksantuasion,
accomplish,kumplir,
accomplished action,écha,
according to,asigun,
account;bill,kuénto,
across,enfrente,
address as plural you,vuvuayar,
advance,avansar,
advantage,avantaje,
advice;counsel,konsejo,
advise,konsejar,
aerated water,gazoza,
affection,karinyo,
after,dempues,
after;later,despues,
after;later,dospues,
again,de muévo,
against;opposite,kontra,
age,edad,
ailment,desrepozo,
air;wind;draught,ayre,
all,todo/a,
all at once,todo enduna,
all day,dia entero,
alone,solo/a,
already;at once,ya;pishin,
already;indeed,ya,
although;though,aunke,
although;though,malgrádo,
always,siempre,
anaesthetic,anesteziko,
and,e,
animate,animar,
annotate,notar,
announcer,spiker,
annoy;bother,molestar,
tomes sehora,una puerta se serra;otra se avre,
annoying,fastidiozo/a,
answer,repuesta,
answer back;answer,replikar;kontestar,
answer for,responder de,
apartment,etaj;apartamento,
apparent,aparente,
appear,apareser,
appear;seem,pareser,
apple,mansana,
apprenticeship,aprendizaje,
approach;come near,aserkarse,
appropriate,apropiado,
approximately,aproksimativamente,
April,avril,
Arab,arabo,
arc,arko,
archives,archivo,
ardour,ardor,
arise,surjir,
arise from;stem from,provenir,
arm,braso,
arm,arma,
armchair,fotolyo,
army,armada,
arrangement;settlement,arreglamiento,
arrangement;settlement,arreglar,
arrest;stop,arrestar,
arrive,arrivar,
arrow,flecha,
article,artikolo,
article;report,reportaje,
as soon as,apenas ke,
asparagus,asparago,
aspect,aspekto,
aspirin,aspirin,
assault,asaltar,
assist,asistir,
astronaut,astronoto/a,
astronomical,astronomiko/a,
at a time,en mizmo tiempo,
at once,en vista;pishin,
at once,pishin,
at the end,a la fin,
atomic,atomiko/a,
attachment,atamiento,
attack,atakar,
attention;civility,atansión;atansyón;atensión,
augur,ogurar,
autumn,otonyo,
avenue,avenida,
awake;smart,espierto/a,
awaken,espertarse,
babbling;chattering,avladéro,
disho;no tiene dinguna valor,es todo avladero,
bachelor,soltero;muchacho,
bachelor,diplomado/a,(degree)
back,espalda,
back;backwards;behind,atrás,
back;rear,trazera,
bad;naughty,malo/a,
bad;naughty,málo;mála,
bag;purse,bolsa de mujer,
balance,ekilibrar,
bald,kalavasudo;kalvo,
ballpoint pen;fountain pen,stilo,
banana,banana,
bar,bar,
barbarian,barbaro,
basement,bodrum,
baseness,basheza,
basketball,basketbol,
bathe,benyarse,
be able to,pueder,
be born,naser,
be buried,enterrarse,
be certain,estar seguro,
be fast,avansar;adelantar,(clock)
be frightened,espantarse,
be on familiar terms,tutuayar,
be ruined;be bankrupt,falitar,
be slow,atrazar,(clock)
be stunned,shashearse,
be successful,reushir,
esta ropa ya abasta 4 metros,esta ancha Ya,
be worth,valer,
be worth the trouble,valer la pena,
be wrong;make a mistake,yerrarse,
beach,plaj,
beautiful,ermozo/a,
beauty;loveliness,ermozúra,
because,porke,
bed;bedding,káma,
bed;bedding,káma,
bedroom;dormitory,kam de echar;dormitorio,
beer,bira,
before,en prezensia,
beget;breed,enjendrar,
beggar,sedakero/a,
begin,empesar,
beginning,empesijo,
beginning,en primero;empesijo,
beginning,prinsipio,
beginning from,a partír de,
behind,detrás,
behind somebody's back,a las,(to do something)
behind;after,despues;atras,
bejewelled,yeno de djoya,
believe,kreyer,
belly,tripa,
belt,sintura,
benediction,beraha;bendision,
besides;moreover,indemas,
besides;moreover,por demaziya;indemas,
better,mijor,
between;among,entre,
Bible,Bíblia;Bíblya,
bicycle,bisikleta,
big,grande,
big slice,tajada,
billfold;wallet,portofolio,
bird,pasharo,
blind,siego/a,
blond,blondo/a,
blood,sangre,
blue,blu,
body,puerpo;kuerpo,
boil,buyir,
bone,gueso,
bore,enfasyar,
boredom,infasio,
Bosphorus,Bosfor,
bottom;background,fondo,
boy;girl,muchacho/a,
boy;son,,(m/f)
boy;son,,(m/f)
brain,meoyo,
brake,freno,
branch,ramo,
brave,korajozo,
bravery,bravura,
bread,pan,
break,romper,
breeches,bragas,
bridge,ponte,
briefcase,chanta de ombre,
briefcase,portofolio de dokumentos,
brig,brig,
bring,traer,
bring near,aserkar,
brother,ermano,
build,konstruir,
bull,toro,
bull-fighter,torero,
burial;funeral,enterramiento,
burn,kemar,
burnt,kemado/a,
burst,eksplozar,
bury,enterrar,
bus;motor-coach,otobus,
business;trade,negosio;echo,
but,ma,
but,ma,
butcher,kasap;karnesero,
Butterfly,Pozaflor;papiyon,
buy,merkar,
by;for,por,
cabbage,kol,
cabin,kamara,
cake,pasta;pastel,
calculation,kalkolo,
calm,kalmo/a,
cannon,kanon,
cap,takia,
capable,kapachi,
capacity;ability,kapachedad,
capacity;ability,kapachitad,
capital letter,majiskula,
cardiac,kardiako/a,
careless,deskudiado/a,
carelessness,deskudio,
caress;pat,karesar,
carry;take,yevar,
case;cashier's office,kasha,
case;event,kavzo,
cast a shadow on,asolombrar,
castanets,kastanyetas,
Castilian,kasteyáno;kastilyáno,
cat,gato,
catch cold,aferrár abasháda,
cause,kavzar,
cause,kavza,
celebrate,selebrar,
cell,selula,
cemetery,sementario;betahayim,
center,sentro,
chair,siya,
change,trokar,
change one's mind,trokar de opinion,
chant;song,kánto,
character,karakter,
charity,bienfezensia,
cheek,kára,
chemist,kimiko/a,
chemistry,kimika,
chest,pecho,
chestnut-coloured,shaten,
chew,mashkar,
chewing-gum,chiklet,
chicken;chick,poyo,
chief,shef,
chief;hothead,kapo,
child,kreatura,
child,kriatura,
chin,keshada,
Chinese,kinezo/a,
chocolate,chicolata,
choir,koro,
choose,eskojer,
christian,kristiáno;kristiána,
Christmas,Noel,
cigarette,sigaro,
cinema,sinema,
circulate,sirkular,
circulation;traffic,sirkulasion,
circumstance,sirkunstansia,
city,sivdad,
civil,sivil,
class,klasa,
classic,klasiko/a,
clear,klaro/a,
client,kliente,
cloth;goods;merchandise,ropa,
cloudy,nuvlozo,
clown,paylacho,
clue,indisio,
coach;carriage,karosa,
coal,karvon,
cock,gayo,
coffee;café,kavé;kafé,
coincide,koensidar,
cold blood;sang-froid,sangre fria;kalmo,
colleague,kolego/a,
collect,arrekojer;rekojer,
Romansero Sefaradi dize,,
Cologne water,kolonya,
colony,koloniya,
column,kolona,
comb oneself,peynarse,
combination,kombinasion,
come,venir,
come on,áyde,
comedy,komedia,
comestible,de komer,
commander,komandante,
commandment,enkomendansa,
comments;remarks;commentary,komentário,
common,komun,
communicate,komunikar,
community,komunidád;komunitá,
companion,kompanyero/a,
competitive,kompetitivo/a,
complain,kesharse,
completed,komplido,
completely,kompletamente,
compliment,komplimento;komplimieento,
compound,kompuesto,
computer,komputadóra;kompúter,
computer science,enformatika,
concede,dar razon,
concert,konserto,
conclusion,konkluzion,
condemnation;sentence,kondanasion,
condition,kondision,
conduct,kondukta,
conductor,konduktor/a,
confidence,konfiensa,
confidence;secret,konfidensia,
confuse;mix;mingle,konfonder,
confused,konfuzo/a,
congratulation,felisitasion,
congress,kongreso,
conquer,konkuistar,
conscience,konsensia;konsensya,
consent,konsentir,
consequence,konsekuensa,
consequently,por konsekuensa,
consider,konsiderar,
consider oneself,konsiderarse,
consonant,konsonante,
constant,konstante,
consternation,konsternasion,
consulate,konsolato,
consulate,konsul,
contain;keep in check,kontener,
contemplate,kontemplar,
content;pleased,kontente,
context,konteksto,
continue;proceed,kontinuar,
continuity,kontinuidad,
continuous,kontinuado,
contrary,kontrario,
contribution,kontribusyon,
control,kontrolar,
convince,konvenser,
cook,kozer,
copy,kopia;kopya,
corn,kayo,(in foot)
corner,kanton,
corner,punta,
correct,korijar,
correctly,korektamente,
corridor,koridor,
corroborate,konfirmar,
cost,kostar,
costume;suit,komple;kostum,
count;tell,kontar,
counter;stand,kontuar,
country,payis,
courage,koraje,
course,korso,
course,kúrso,
Court,Korte,
courtesy,politeza,
cousin,primo/a,
cover,kuvrir;kuvijar,
cow,vaka,
coward,espantozo,
craft;trade,ofisio,
cream caramel,krem karamel,
create,krear,
creature,kriansa,
crime,krimen,
crisis,kriza,
criterion,kriter,
cross,pasar enfrente,
crusade,kruzada,
cry,yorar,
cuffs,mansheta,
cultivated,kultivado/a,
cultural,kulturál,
culture,kultura,
cup,tasa;kupa,
curiosity,kuriozita,
curious,kuriozo/a,
curiously,kuriozamente,
current,korriente,
curtain,kortina,
curve,viraje,
custom;habit,kostúmbre,
cut,kortar,
dad,papa,
daily,kotidiano/a,
damned,maldicho/a,
dance,bayle,
dare,ozar,
dare,tener ozadia,
dark,eskuro,
dark;brown,moreno/a,
darkness,eskuridad,
date,data,
date,dáta,
dawn,madrugada,
day,dia;diya,
day,diya/dia,
day after tomorrow,pasado amanyana,
dear,kerido/a,
dear;expensive,karo/a,
decease;death,muerte,
deceased,defunkto/a,
decide,desidar,
decide,dechidir,
decide,dechidirse,
dedicate oneself,dedikarse,
deep;profound,profundo,
defend oneself,defenderse,
defend;protect;forbid,defender,
delay,retardo,
delegate,delegar,
deliver,entregar,
democracy,demokrasia,
demonstrate,demostrar,
dentist,dientisto/a,
deny,enyegar,
depend,depender,
describe,deskrivir,
description,deskripsion,
desert,dezierto,
desert,savor de boka,
deserve,mereser,
despair,dezesperarse,
despatch,espedir,
destiny,destino,
destroy,destruir,
detail,detalio;detalyo,
develop,dezvelopar,
devil,diavlo,
devour,devorar,
dialect,dialékto,
diaspora,diaspora,
dice,dado,
dictionary,diksionário;diksionáryo,
die;expire;pass away,murir,
difference;disparity,diferensia,
different;un like,diferénte,
difficult,zor,
difficult,difísil,
difficulty,difikultad,
diffuse,difuzar,
diffusion,difuzyon,
dignity,dinyidad,
dine,senar;komer por la noche,
dinner,sena,
direct,direkto/a,
direction;address,direksion;adreso,
directly,direktamente,
director;manager,direktór,
dirty,ensuziar,
dirty,suzio/a,
discourage,deskorajar,
discuss;argue,diskutir,
discussion;argument,diskusion,
disdain,desdenio,
disk,disko,
disorder;confusion,dezorden;konfuzion,
disorderly,desordenado/a,
distinguish,distinguir,
disturb,aturvar,
dive down,presipitado abasho,
diverse,diverso,
divorcee,kito,
do,azer,
do;make,fazer,
doctor,mediko;doktor,
doctor,doktor,
dog,perro,
doll,kukla,
dollar,dolar,
domestic,domestiko/a;de kaza,
dominion;power,dominasion,
door,puerta,
double;fold up,doblar,
double;fold up,dublar,
doubt,dubio,
dough,mása,
dream,sonyar,
dress;get dressed,vestirse,
drink,bever,
drive,konduzir,
driver,shofor,
drum,tambur,
drunk,borracho/a,
dry,sekar,
duration,durasion,
during,durante,
ear,oreja,
early,temprano,
east,este,
edge,bodre,
edict;decree,dekreto,
edit,editar,
effort,esforso,
egg,guevo,
eighth,ochen,
elbow,kovdo,
elect,elijir,
election,eleksion,
electrical home appliances,intrumiento de kaza,
electricity,elektrisita,
electronics,elektronika,
eleven,onze,
embargo,embargo,
embroider,brodar,
emerald,esmeralda,
emission,emision,
emperor,imperador,
empire,imperio,
employee,empiegado/a,
empty,vaziyo/a,
encourage,enkorajar,
engagement,espozorio,
enough,ya basta,
enough;quite,bastánte,
enter,entrar,
enterprise,entreprisa,
entertain,azer pasar el tiempo,
enthusiasm,entuziasmo,
entirely,enteramente,
entrance,entrada,
entrust,konfiar,
envy;jealousy,embidia,
epoch;period;time,epóka,
equal;same,igual,
especially,espesialménte,
establish,estableser,
esteem,estimár,
esteemed,estimádo,
etc;et caetera;and so on,Ets;etsétera,
Europe,Evropa,
eve;day before,arba,
every,kada,
evil,mal,
evil eye,aynara,
examination,egzamen,
examine,egzaminar,
example,egzempio,
example,enshémplo,
excellent,ekselente,
except,ekseptado,
except,si no,
exception,eksepsion,
exclaim,esklamar,
excommunicated person;rascal;scoundrel,,
excuse,ekskuza,
excuse,eskuzar,
excuse;exonerate,diskulpar,
execute,egzekutir,
exemplary,egzemplar,
exercise,egzersis,
exile,egziliar,
exist,egzistir,
exit,salida,
experiment,eksperimentar,
explain,eksplikar;dar a entender,
explanation,eksplikasion,
explode,eksplozar,
explore,eksplorar,
explosion,eksplozion,
expose,ekspozar,
exposition,ekspozision,
express,ekspresar,
extend,espandir,
extensive,espandido/a;ancho,
exultant,egzaltado/a,
eyebrow,seja,
eyelash,pestanya,
eyelid,parparo,
ezpulsion;ejection,ekspulsion,
face,fácha;faz;kára,
face;shape,figura,
face;side,kára,
fact,fakto,
fail the exam,no reushir el egzamen,
fairy,fada,
faith;belief,fey,
fall,kayer,
fame,fama,
familiar,familiar;familyar,
family,familial;familyal,(adj)
famous,famozo/a,
fantastic,fantastiko/a,
far,leshano/a,
farmyard;patio,kortijo,
fascist,fashisto/a,
fashion show,defile,
fat,godro/a,
fated,fadado/a,
father,padre,
father,,(m/f)
fatness;fat,godrura;gudrura,
fatten,engodrar,
fault,kulpa,
fault;error,falta,
favour,favor,
favour,hatir,
fear,tener temor,
fear;fright;terror,espanto,
fearsome,espantavle,
feast,fiesta,
feast,fiestar,
federation,federasion,
feel comfortable,estar repozado,
feel good,sentirse bien,
feel uncomfortable,estar desrepozado,
feeling,sentimiento,
fever,kayentura,
fiancé;fiancée;newly-wed,nóvio;nóvyo/nóvia;,
field,kampo;terreno,
fifth,sinken,
fifty,sinkuenta,
fig,igo,
fill;stuff,inchir,
film;movie,filmo,
final;end,final,
finally,a la fin,
finally,enfin,
finally,finalmente,
financial,de banka,
find,topar,
find out,tomar haber;informarse,
find;meet,enkontrar,
find;meet,enkontrarse,
finger,dedo,
finish,eskapar,
finish off,arrematar,
first,primero/a,
first-born,bohór/bohóra,
fish,peshkar,
koza,De peshkado i agua de mar,
fist,punyo,
fit,kaver,
five,sinko,
flame,flama,
fleet,flota,
flirtatious remark,shakaruka,
floor,patin,
florist,floristo/a,
flour,arina,
flower,flor,
fly,bolar,
fly,moshka,
folklore,folklór,
follow,seguir;perseguir;ir detras,
follow,siguir,
foot,pie,
football,futbol,
for what,por ke,
force;compel,ovligar,
force;strength,fuérsa;huérsa,
forecast,previsto,
forehead,frente,
fork,piron,
form;shape,forma,
form;shape,formar,
foundation,fondasion,
four,kuatro,
fox,renar,
fox,renar,
frame,kuadro,
frame,kuadro,
frank;open;Frankish,fránko;fránka,
free,libre;libero,
freedom,libertad,
French,fransez,
fresh,fresko/a,
frighten,espantar,
from bad to worse,ir de mal en peor,
from time to time,de vez en kuando,
frontier,frontiera,
fruit,fruta,
fruit,de fruta,(tree)
fruit bowl,frutiera,
fruit seller,frutero,
fulfil,komplir,
full,yeno/a,
full;fed up,arto/a,
function,fonksionar,
function,fonksion,
furniture,moble,
future,futúro,
gardener,guertalano/a,
gas station,estasion de benzin,
gas;petrol,petrolio,
gender,djenero,
generation,jenerasion,
generous,jenerozo/a,
gentleman,sinyor,
geranium,jeraniom,
gesture,djesto,
get attached,atarse,
get damaged,estropiarse,
get dressed,vistirse,
get suntanned,kemarse del sol,
get together,reunirse,
gibberish,patrania,
girl;daughter,ija,
give,dar,
give birth,meter al mundo,
give birth,parir,
give up,arrepentirse;esvachearse,
glass,vidro,
glass;tumbler,kupa,
go,irse,
go across,traversar,
go out,salir,
go over,pasar al enemigo,(to enemy)
go shopping,ir a komprar/emplear,
go;march;suit,ir,
go;split,partir,
goal,búto,
God,Dio,
gold,oro,
good ;nice,dobro,
good luck,dícha,
good;OK,bueno,
razon? Ansina ke sea,Adiyo!,
gossip,estórias;istórias;estóryas,
government,governo,
grace,grasia,
gracefulness,gayardiya,
grade,grado,
grammar,gramer,
grammer,gramátika,
grandfather,nono,
grandfather,papu;nono;granpapa,
grandfather;grandmother,avuelo;avuela,
grandmother,vava;nona;granmama,
grass,yerva,
grate,rayador,
grate,rayar,
grave;serious,grave,
gravy,kaldo,
graze,komer yerva,
green,vedre,
grey,grizo/a,
grocer,bakal,
grow,engrandeser,
grow;increase,kreser,
guest,invitado/a,
guest,musafir,
guide,giador/a,
guitar,gitara,
gunpowder,polvora,
gust,bora,
haberdashery,merseriya,
habit,manya,
hairdresser;barber,kuafor;berber,
half,mitad,
half,média,
hamburger,hamburger,
hand,mano,
hang,enkolgar,
hang,pender,(person)
happiness;felicity,felisida,
happiness;luck;good fortune,bonora,
happy,feliche,
hard,duro/a,
hard-working;industrious,laboriozo/a,
have,aver,
have a good time,divertirse,
have a good time,eglenearse,
have lunch,komer por midi,
have;hold,tener,
hay,yerva seka,
head,kavesa,
heal;cure,sanar,
health,sanedad,
heap,monton,
heart,korason,
heat,kalor,
heaviness;weight,pezgades,
Hebrew,ebreo,
Hebrew,ivrít,
hell,inferno,
hell,ginnam,
hen,gayina,
henhouse,gayinero,
hero,eroe,
hiccough;hiccup,tener sangluto,
hidden,eskondido/a,
hide,eskonderse,
hide;keep,guadrar,
high school,kolej;lise,
him;to him;to her;to it,le,
hoe,kavakadura,
hold os in check,kontenerse,
holiday,vakansas,
homage,omenaje,
honour,onor,
hope,esperansa,
hope,esperar,
horrible,orivle,
horse,kavayo,
hospital,ospital;espital;eshpital;ispital,
hospitality,ospitalidad,
hot,kayente,
hot flushes;reddening of the face,alhamóra;,
hot;peppery,pikante,
house,kaza,
how,komo,
how many;all those,kuántos;kuántas,
how much,kuánto,
howl,echar chiyo,
humanity,umanidad,
humiliate,umiliar;arrebashar,
humiliation,umiliasion,
Hungary,Ungaria,
hunt,kasar,
hurl,echar kon fuersa,
hurl,echar,
hurry,apresurarse,
hurry;haste,prisa,
hurt,ergueler,
hurt,ferido/a,
husband,marído,
idea,idea,
idle;lazy,haragán;haragana/paresozo;,
ill;sick,hazino/a,
illness;sickness,hazinura,
illuminate,arrelumbrar;asender,
illusion,iluzion,
image,imaje,
imagine,imajinar,
imbroglio;tangle,embrolio,
imitate,imitar,
immediately,imediatamente,
immediately;at once,devista;pishin,
immense,imenso/a,
impatient,impasiente,
impediment,impedimiento,
impose,forsar,
impossible,emposivle,
improve;recover,amijorarse,
imprudence,imprudensia,
in front,delantre,
in respect to,en raporto a,
in the middle;obvious,en medio,
in;into;upon;at;by,en,
inauguration;opening,seremonia de aviertura,
incident,insidente,
incline,enklinar,
include,inkluir,
included,inkluzo,
inconvenient,inkonvenivle,
index-finger,segundo dedo,
industrial,industrial,
infirmary,enfirmeria,
influence,influensa,
inform,dar haber;informar,
inform,informar,
information,informasion,
infrastructure,infrastruktura,
inheritance,erensia,
inheritance,patrimonyo,
initial,inisial/a,
initiate,inisiar,
injury;wound,ferida,
inn;motel,motel,
innocent,inosente,
inquisition;inquiry,inkizision,
insecurity,inseguridad,
institute,institúto,
intelligent,intelijente,
intensify,intensifikar,
intention,entision,
interest,enteresar,
interrupt,enteromper,
intestine;gut,intestino,
intimacy,intimidad,
intricate,entrafikado;komplikado,
introduce,introduzir,
introduction,introduksion,
invalid,enfirmo/a,
invent,enventar,
invest,investir,
investigation,investigasion,
investigator,investigador,
invitation,invitasion,
invite,envitar,
invite,invitar,
iron,dar uti,
irrigate,arrufyar,
Istanbul,Estanbol,
jack-knife,navaja,
jacket,djaketa,
January,Jenero,
January,enéro,
japanese,japonezo/a,
jealousy,selo,
jersey;sweater,triko;sueter,
Jew,djudio/a,
jewel,djoya,
jeweler,djoyero,
Jewish Grand Pardon and Fasting Day,Kipur,
joined;together,djuntos,
joke,shaka,
judaism,djudaísmo,
juice,sumo,
July,djulio,
jump;launch out,lansarse;echarse,
June,júnio,
jungle,shara tropikal,
just;right;fair,djústo,
keep quiet,kayarse,
key,yave,
kill,matar,
kilo,kilo,
kilometre,kilometro,
King,Rey,
kiss,bezar,
kiss,bézo,
kitchen,kozína;kuzína;mutpák,
knee,diz,
knife,kuchiyo,
knock down,derrokar,
knot oneself,echarse anyudo,
know,saver,
know;recognize,konoser,
knowingly,todo en saviendo,
lack,mankar;faltar,
lamb,kodrero,
lame;limping,kosho/a,
landlady;housewife,bulisa;mujer de kaza,
language;tongue,lashón,
last;endure,turar,
late,tadre,
latin,latin,
latin,latin;latino,
lawyer,avokato,
lay down,apozar,
laziness,pareza;haraganud,
lazy,paresozo/a;haragan,
leap;jump,saltar,
learn,aprender,
leave;abandon,deshar,
leek,prasa,
left,siedra,
left-handed,siedrero/a,
lemon,limon,
less,mánko;mánka,
let us see,veremos,
letter,letra,
letter;card,karta,
letter;written document,eskrita,
level,nivel,
liar,mentiroso/a;mintirozo/a,
licence;permission,lisensia,
lid,tapon,
lie,mentira;mintira,
lie down,echarse,
lie down,espandirse;echarse,
life,vida,
light,luz,
light;ignite,asender,
light;trivial,liviano,
lightning,rayo,
limit,limito,
limp,flosho/a,
lipstick,ruj,
list,lísta,
literature,literatúra,
live,bivir,
arrapa el guerko,Leshos de todo,
livestock,trupa de bestia,
load;charge,kargar,
lock,serradura,
logic,lojika,
long,largo/a,
long,lungo,
longing;nostalgia,eskarinyo,
look,mirar,
look alike,pareserse,
look;glance,mirada,
lose,pedrer;piedrer,
lose,piedrer,
love;like,kerer bien,
lucid,lusido/a,
luck;fortune,suerte,
lunch;picnic,merendar;piknikar,
lungs,pulmones,
luxurious,luksyozo/a,
luxury,lukso,
machine,makina,
magazine,revista,
es el simbolo del puevlo djudio Eskudo de David,Una,
magnificent,manyifiko/a,
maid;servant,moso/mosa,
main street;highway,kamino prinsipal,
maintain;sustain,mantener,
major,mayor,
majority,majorita,
make a present of,arregalar,
make a present of,azer regalo,
make evident,averdadear,
make flirtatious remark,azer shakaruka,
make use of,dispozar,
make-up,makiyarse,
man,ombre,
manage,kontentarse,
manifest,manifestar,
manner,manera,
mark;brand,marka,
market garden,bostan,
marquee;canopy,tenta,
marry,kazar,
material,material,
maximum,maksimo,
May,máyo,
may God wish,ishalla,
me;to me;myself,me,
meaning,sinyifikasion,
meanwhile,entremientes,
measure,mesurar,
measure;step,prekosion,
meat,karne,
medal,medalya,
medicine;drug,kura,
medicine;remedy,milizina,
meditate,meditar,
meeting,enkontro,
member,miembro,
memorable,memoravle,
memory,memoria;tino,
merchant,komersante,
message,mesaje,
middle,medio,
midnight,medianoche,
military service,servisio militar,
milk,leche,
million,milyon,
mine;my,mío;míyo;mía;míya,
minimum,minimum,
minister,minístro,
minor,minor,
minute,minúto,
minute,minúto,
miracle,mirakolo;milagro,
mirror,espejo,
misery,mizeria,
misfortunate;unlucky,desmazaládo/desmazaláda,
misfortune,desgrasia,
misfortune;mishap;waste,manzíya,
ke no vayga en manziya Mozotros dizimos,Pekado i,
mist,nevlina,
mist;fog,bruma;duman,
mistake,yerro,
mister,musyu,
mistrust,deskonfiensa,
misty;foggy,brumozo,
mock,burlarse de,
mode;manner,modo,
moderate oneself;temper down,arresentarse,
modern,modérno;modérna,
molar tooth,muela,
molest,fishugar,
mom,mama,
moment,momento,
moment;minute,punto,
Monday,lúnes,
money,dinero,
money,moneda;para,
money,paras,
monosyllable,monosilabo,
month,mez,
moon,lúna,
Moorish,moro/mora,
moral,moral,
more,maz,
more,mas,
morning,demanyana,
morning;tomorrow,manyana,
morphine,morfina,
mother,mádre,
mother tongue,lingua maternal,
motor,motor,
motorboat,barka motorizada,
motorcycle,motosikleta,
mount;get up on,suvir,
mountain,montanya,
mourning,dolio,
moustache,mustacho,
mouth,bóka,
move;shake,menear,
move;shift,meter en movimiento,
much,muncho,
mud,lódo,
Municipality,Munisipalidad,
museum,muzéo;muséo,
mushroom,shampinyon,
music,muzika,
must,kále,
mutually,uno a otro,
my;me,mi,
nail,unya,
name,nombre,
nape,piskueso,
nation,nasyon,
national,nasional,
nature,natura,
nazi,nazi,
near;close,serka,
near;close,serkano/a,
near;next,proksimo;proksima,
neat;stylish,elegante,
necessary,menestér,
necessary,nesesario,
necessity,nesesidad,
neck,garganta,
need,nesesitar;tener menester,
needle-hole,burakito de alguja,
negative,negativo/a,
neighbour,vezino/a,
neither nor,ni ni,
nervous,inyervozo/a,
nest,nido,
net,red,
never,nunka,
new,muevo/a,
news,avizo,
news,novedades;avizos,
news;information,habér,
newspaper,gazeta,
newspaper,jurnal,
next month,el mez ke viene,
next;following,siguiente,
next;near,el de despues,
night,noche,
noble,novle,
noise,bruido,
noon,mediodia;midi,
nose,nariz,
nostalgia,nostaljia,
notably,notavlamente,
notebook,tefter,
nothing,nada,
notice,observar,
notice,rendérse kuénto;dárse kuénto,
novel;romance,romanso,
oak,rovle,
obedient,ovedesyente;obeisente,
obey,ovedecer;obeisar,
object,objekto,
objective,objektivo/a,
obligation,ovligasion,
obstacle,obstakolo,
obtain,obtener,
occasion,okazion,
occupy,okupar,
of course,naturalmente,
offer,ofrir,
office;study,büro,
official,ofisial,
official document,dokumento ofisial,
officiating rabbi,hazán,
oil,azete,
old,viejo/a,
old;aged,viejo/a;aedado/a;nikochiri,
on;on top;about,endriva;sovre,
on;on top;about,enriva;sovre,
one-armed,sin braso,
onion,sevoya,
only,solamente,
only,solo,
open,avrir,
opening,avyertura,
operate,operar,
operetta,operetta,
opinion,opinion,
opportune,oportuno,
opportune,konveniente,
opportunity,oportunidad,
oppose,opozar,
opposite to,enfrente de,
oppress,oprimir,
or;either or,o,
orange,portokal,
order,orden,
order;arrange,ordenar;meter orden,
orderly,ordenado/a,
ordinary;common,ordinario;bayagi,
organizer,organizador,
orientate,orientar,
original,orijinal,
other,otro/a,
others;more,otros,
our,muestro/muestra,
oven,orno,
over-coat,pardesu,
owl,kukuvaya,
owner;proprietor,patron;proprietario,
oyster,estridia,
painter,pintador/a,
pair;couple,par,
paper,papel,
paradise;Garden of Eden,ganeden,
parallel,paralelo/a,
paralytic,paralizado/a,
pardon;forgiveness,pardon,
parents,djenitores,
parsley,maydanoz,
part;side,parte,
part;game,partida,
participant,partisipante,
participate,partisipar,
particular;peculiar,partikolar,
pass,pasar,
pass the exam,reushir el egzamen,
passenger,pasajero /a,
passport,pasaporto,
patience,pasensia,
pavilion,paviyon,
pay,pagar,
pay attention,echar tino;azer atansion,
peace,pas,
peach,shefteli,
peel,mundar,
pencil,kalem,
people,djente,
people,puevlo,
percent,por sien,
perfect,perfekto/a,
perfection,perfeksion,
perfume;aroma,parfum,
perhaps,puede ser,
perhaps,puéde ser,
peril,perikolo,
perilous;risky,perikolozo/a,
perilously,perikolozamente,
periodic;periodical,periodiko,
permit,permeter,
perpetual,perpetual,
person,persona,
personal,personal,
petrol;gasoline,benzin,
petticoat,kombinezon;jupon,
pharmacy,farmasiya,
philosophy,filozofia,
photo,fotografia,
picture;painting,tablo,
piece,pedaso,
pin,alfinéte,
pine-cone,fruto del pino,
pine-kernel,pinyon,
pitcher,kantaro,
place,lugar,
plane;airplane,avion,
plate;dish,plato,
play,djugar,
play,piesa de teatro,
please,kontentar,
please;be pleasing,gustár,
pleasure;taste,gusto,
plough,arar,
poem;poetry,poezia,
point,punta,
police,polisiya,
pond,étang ?,
poor,prove,
poor;wretch,povereto/ax,
popular,popular,
portrait,portreto,
portray,azer portreto,
positive,pozitivo,
possess,posedar,
possession,posesion,
possibility,posibilidad,
possible,posivle,
posterior;subsequent,detras;despues,
pot,chanaka,
potassium,potasio,
potato,patata,
pouch,bolsa;sako,
pour;spill,verter,
practical,pratiko,
practice,pratikar,
prawn,gamba,
pray,arrogar,
pray,orasionar,
prayer,orasion,
precept;order,presepto,
precipice,presipisio,
precise,prechizo,
precisely,prechizamente,
prefer,preferar,
preoccupied,preokupado/a,
preparation,preparativos,
preposition,prepozision,
present,prezentar,
present,prezente,
preserve,konservar,
preserve,prezervar,
pretend;claim,pretend;claim,
pretext,preteksto,
pretty,lindo/a,
pretty;nice,luzio/a,
price,presio,
prickle,punchon,
pride,orgolyo,
princess,prensesa,
private,privado,
private,privado/a,
probability,probabilidad,
problem,problem,
produce,produzir,
profess;practice,profesar,
professional,profesional,
profile,perfil;profil,
profit,profitar,
profit;gain,profitar;ganar,
program,programa;program,
progress,progresar,
project,prodjekto,
prolong;extend,prolungar,
prolongation,prolungasion,
promise,prometer,
pronounce,pronunsiar,
property;estate,proprieta,
propose,propozar,
proposition,propozision,
prosperity,prosperidad,
prosperous,prospero,
protest,protestar,
proverb,proverbio,
province,provensia,
psychiatry,psikiatriya,
public,publiko,
publish,publikar,
pull one's leg,tomar al pelo,
pull;shoot,travar,
purse,portmone,
pursue,perseguir,
push;shove,arrepushar;arrondjar,
put,meter;pozar,
put the lid on,tapar,
puzzle,rompe kavesa,
qualify,kalifikar,
quality,kualidad,
quantity;decision,karar,
quarrel;fight,pelea,
question;request,demánda,
quick,presto,
quiet,maho/a,
quiet;calm,kalmo;arrepozado,
rabbi;expert,hahám,
rabbinical tribunal,bet din,
race,rasa,
racism,rasizmo,
radio,radio,
rain,azer luvya,
rain,luvia,
raisin,pasa,
rancour,renkor,
rapidly,rapidamente,
rash;reckless,temerozo/temeroza,
rashness;courage,temeridad,
rat,raton,
reach;arrive,ayegar,
read,meldar,
reader,lektor,
reading,meldadura,
ready,sovre el punto,
ready,pronto;pronta,
realize,realizar,
really,realmente,
reason,meoyo;razon,
reassure,trankilizar,
rebellion,rebelion,
receive,resivir,
recipe;prescription,recheta,
recipe;prescription,resefta,
reciprocally,resiprokamente,
recommend;place an order,enkomendar,
recover,sanarse,
recuperate,rekuperar;rekovrar,
red wine,víno kolorádo,
red-haired,ruvio/a,
reduce,enchikeser,
refuse,refuzar,
region,rejion,
regret,regretar,
rejoice,gustárse,
religion,relijion,
remedy;solution,remedio,
remote;isolated,apartado/a,
renew,renovelar,
repeat,repetar,
repeated,repetido,
repent,arrepintirse,
repentance,arrepentimiento,
repercussion,reperkusion,
replace,meter en lugar de,
republic,republika,
request,rogar,
reserve,rezerva,
respect;homage,respekto;omenaje,
respond;answer,responder,
responsibility,responsabilitad,
rest,deskansar,
rest,repozo,
restaurant,restorante,
restless;worried,inkieto/a,
restore,restorar,
retard,atrazar,
retard;back up,atrazarse,
retina,retina,
reunion;meeting;gathering,reunion,
reunite,reunir,
revolution,revolusion,
rice,arroz,
rich,riko/a,
right,derecha,
rigorously,rigorozamente,
ring;play,tanyer,
risk,riziko,
risk,rizikar,
river,rio,
road;way,kamíno,
roar;bellow,gritar,
rocket,roketa,
roll up one's sleeves,arremangarse,
roof,tejado,
roof;ceiling,techo,
room,kamareta,
root,rais,
rope,kuedra,
rule,regla,
run,korrer,
run away;escape,fuyir,
run;dash;bull-fight,korrida,
rustic,rustiko/a,
sacrifice,sakrifisio,
sad,triste,
saffron,alsafran,
sail,vela,
sail boat,embarkasion kon vela,
Saint,San,
salad,salata,
sale,vendida,
salt-cellar;charm;appeal,salero,
same,mizmo,
same,mismo/a,
satisfied;pleased,satisfecho/a,
savage,salvaje,
save,ekonomizar,
save,salvar,
saw,kuzir,
saying,dícha,
scald;stew,eskaldar,
scene,shena,
scenery;set,dekor,
school,eskola,
science,sensia,
scorn,arrebashamiento,
scrub;wash;rub,fregar,
search,bushkida,
seat,asentador,
second,segundo/a,
secret,sekreto/a,
secretary,sekreter,
secure;safe,seguro,
secure;safe,siguro,
secure;insure,asegurar,
security,seguridad,
see,ver,
see each other,verse,
selfish,egoisto/a,
sell,vender,
send,embiar,
send,mandár,
sense,senso,
sentence;phrase,fraza,
separate,apartar,
separate,separar,
sepulchral,komo de betahayim,
seriously,seriozamente,
sesame,sesamo,
seventh,sieten,
sex,sekso,
shadow,solombra,
shameless,deskarádo/deskaráda,
share,partajar,
shave,araparse,
shawl,shal,
she;her,éya,
shield,eskudo,
ship,nave;vapor,
shirt,kamiza,
shit,medra,
shock,shok,
shoe,kalsado;sapato,
short,kurto/a;bashitiko/a,
short-sighted,miyope,
shotgun,fuzil;tufenk,
shoulder,ombro,
show-off,parparear,
shower,tomar dush,
showplace;showcase,vitrina,
shrew,djibeladjuz,
shut,serrar,
side,lado,
sign,sinyo,
sign;mark,sinyal,
signal;point out,sinyalar,
signature,sinyatura,
signify,sinyifikar,
silence,silensio,
silhouette,silueta,
silliness,bovedad,
silly;stupid,bovo;torpe,
silver,plata,
similar,asemejante,
since,desde,
since;considering,una vez ke,
since;then;however;nevertheless,portanto;,
sincere,sinsero,
sing,kantar,
singer,kantador/dera,
singing;popular song,kánte,
sister,ermana,
sit,asentarse,
sit up,redresarse,
site,sitio,
situate,situar,
situation,situasion,
sketch,desinar,
skirt,fusta,
slap,chaketon,
sleep,durmir,
sleep,esfuenyo,
sleeve,manga,
slice,revanada,
slipper,sapato,
slope,suvida,
slowly,avagar,
slowly,lentamente,
small,chiko/a,
small garden,guerta,
smell,goler,
smell;scent,golor,
smoke,umo,
Smyrna,Ezmirna,
snacks;titbits,ordovres;apetites,
snake,kulevra,
snow,inyeve,
so;thus,así,
soap,shavon,
social,sosyal,
soldier,soldado,
solitude,soledad,
solution,solusion,
solve,rezolver,
son-in-law,yerno,
sorrow;problems,penserios,
sorrow;trouble,pena,
sound,sonéte,
sound,son,
soup,supa,
space,espasio,
Spanish,espanyol,
sparkle;shine,arrelumbrar;briyar,
speak,avlar,
speaker,avlánte,
special,espesial,
spectacle,espektakolo,
spectator,espektador,
speculate,espekular,
speed;velocity,prestor,
speeh;language;dialect,ávla,
spell,echizo,
spinach baked with egg and cheese,anchúsa;,
spit,eskupir,
split open,arar la mar,
spoon,kuchara,
sport,espor,
spread out at intervals,eskalonar,
sprinkle,sarpikar,
square,plasa,
stagger,pedrer el ekilibro,
stain,mancha,
staircase,eskalera,
stamp,estampa,
stamp,estampar,
stamp;seal,timbro;muur,
star,estreya,
state,estado,
stay;remain,kedar,
stay;remain,kedarse,
steak,biftek,
steal,rovar,
steering-wheel,direksion;volante,
step on,pizar,
step;grade,eskalon,
stern,popa,
stew of fruit,komposto,
stick out,espander,
stomach,estomago,
stone,pina,
stop,arretarse;kedarse,
stop;hold back,detener,
stop;prevent,empedir,
stop;prevent,impedir,
stork,sigonya,
story,konséja;kuénto,
story;history,estória;istória;estórya,
strain;exert oneself,esforsarse,
strange,estranyo,
strap,banda de kuero,
street,kaleja,
street;road,kaye,
streetcar,tramvay,
strong,fuerte,
strong;robust,rezio/a,
student,estudiante;elevo,
student;pupil,elevo/a,
study,estudiar,
study,estúdio,
study;private room,kamareta de estudio,
stupendous,estupendo/a,
stutter,tartalear,
stuttering,peltek,
stylist,stilista,
subject,sujeto,
subject,sudito/a,
submit,someter,
subsist;last,subsistir;turar,
subway,metro,
succeed;follow,suksedar,
succeed;reach,parvenir,
succession,suksesion,
successive,suksesivo/a,
successively,suksesivamente,
suddenly,en supito,
suddenly,ensupito,
suffer,sufrir,
sugar,asukar,
suggest,sugjerar,
suitcase,validja,
summary;résumé,rezúmen;resúmen;resumé,
summer,enverano,
sun,sol,
sunny,soleado,
superficial,superfisial,
supermarket,supermarket,
support;endure,suportar,
supporter,partizante,
suppose,supozar,
surprise,sorprender,
surrender,renderse,
surround;encircle,entornar,
surrounded,entornado/a,
survive,survivir,
swear;take an oath,djurar,
sweet,dulse,
swim,nadar,
swimming pool,pisina,
swing oneself,kunarse,
swing;cradle,kuna,
sword,espada,
syllable,silaba,
sympathetic,simpatiko,
synagogue,kal,
synagogue,keilá;kehilá;kal,
system,sistema,
table,meza,
tablecloth,mantel,
taffeta,tafta,
tail;end;queue,kóla,
take care;worry;look after,kudiar,
take interest,enteresarse,
take out;extract,kitar;echar,
take out;remove,kitar,
take place;happen,produizirse,
take refuge,refujiarse,
take shelter;protect oneself;wrap oneself up,,
tank,tank,
task;duty,dever;mision,
taste,pasto,
taste,savor,
taste,tomar savor,
taste of wine,degustar,
tasty,savrozo/a,
tea,chay,
teach,ensenyar,
teacher,profesor-a,
teacher;master,maestro/a,
tear,arrazgar,
technician,teknisyen,
telecommunication,telekomunikasion,
tempest,tempesta;furtuna,
temporarily,temporalmente,
terminate;finish,terminar,
terrible,terrivle,
territory,tierra de pais,
text,teksto,
thanks,grasias,
thanks,shukur,
thanks,mersí,
that;which;it;him,lo,
the,el,
the great;the elder,grándes,
the;she;her,la,
theatre,teatro,
then;at that time,entónses;estónses,
there,aya,
there;just there,ayi,
therefore,dunke;alora,
therefore,por esto,
thesis,tezis,
thigh,pierna,
thing,koza,
think,pensar,
third,treser,
thirst,ser,
this,este/esta,
this,ésta,(fem)
this,ésto,(masc)
this morning,oy demanyana,
thought,pensada,
thoughtless,atudrido/a,
thousand,mil,
three,tres,
throat,garon,
throw,echar,
throw;hurl;launch,lansar,
ticket,bilieto;bilyeto,
tickling,koshkiyas,
tie,atar,
tie,kravata,
tighten;squeeze,apretar,
tile,teja,
till,fin;asta,
time;instance,vez,
timid,timido/a,
tire,fatigar,
tired,fatigado/a,
tired,kansado/a,
tiredness;fatigue,kanserya,
to be present,toparse,
to call,yamar,
to piss,pishar,
to the letter;literally,a la létra,
to visit,vijitar,
today,oy,
together;at the same time,endjuntos,
tomato,tomat,
too much,demaziado,
too;also,tambien,
tooth,diente,
total,total,
touch,kontakto,
toward,verso,
tower,kulá;kulé,
toy,djugete,
tractor,tractor,
tradition,tradision,
tradition,tradision,
traffic,trafiko,
traffic light,lampas de trafik,
tragedy,trajedia,
traitor,traidor-a,
transit,tranzito,
translate,traduizir,
translate,tresladar,
translator,traduktor/a,
travel,viaje,
treasure,trezoro,
treat;deal,tratar,
tremble,tremblar,
trembling,tremblante,
trial;proof,prova,
trifle;gibberish,bavajada,
triumph,triunfar,
trunk,tronko,
truth,vedra,
truth,verdad,
tube,tubo,
turf,yerva,
Turkish,turko,
Turkish currency,lira,
turn,tornar,
turn off,torno,
twelve,dodje,
twenty,vente,
two,dos,
two hundred,dozientos,
type,tipo,
type;class,djenero;klase,
ugly,feo/a,
ultimate;last,ultimo/a,
umbrella,chadir,
undecided,indechizo/a,
under;underneath,debasho,
unfortunate,funesto/a,
unfortunately,malorozamente,
unique,regalado/a,
unique,uniko/a,
unite,aunar,
unite,unir,
united,unido/a,
unity,unidad,
universal,universal,
upon;on,sovre,
urban;refined,urbano/a,
urge on;encourage,enkorajar,
used;worn,uzado;uzada,
vain,vano/a;vaziyo/a,
valuable,valutozo/a,
various,vario;varia,
vase,vazo,
vehicle,instrumento de lokomosion,
vengeance,vengansa,
vertigo;giddiness,mareo;shasheo,
very,muy,
victim,viktima,
victory,viktoria,
village,kazal,
villager,kazalino/a,
visit,vijita,
vitamin,vitamina,
vote;voting,votasion,
vowel,vokal,
wait,asperár,
wait;hope,asperar;esperar,
waiter - waitress,garson/a,
wake,espertar,
walk,kaminar,
walk;stroll,pasear,
wall,pared,
want;love,kerer,
war,gerra,
wash,lavar,
wash,lavarse,
mizma koza,Bizba detras de la oreja,
water closet,tualeta,
water;irrigate,arrozar,
water;sprinkle,arrufiar,
watermelon,karpuz,
we;us,mozótros/mozótras,
wear,vestir,
wedding;marriage,boda,
week,semana,
week-end,fin de semana,
weekly,por semana,
weight,pezgo,
well,bien,
well-known;familiar,konosido/a,
west,oksidente,
wet,mojar,
what,ke;kuálo,
what,kuálo,
when,kuando,
where,de ande,
which,kuál;kuála,
whistle,chuflar,
white,blanko/a,
who,ken,
who knows,ken save,
who;which;what,ke,
whole,entero,
whole;group,kolektividad,
whose,ke tiene,
why,para ke,
why,deké,
will,voluntad,
window,ventana,
windscreen;windshield,vidro delantero,
windy,ventozo,
wish,dezeyar,
wish;desire,dezeo,
with,kon,
with himself/her/you,kon si mizmo,
with me,kon mi,
with you,kon ti,
without,sin,
wolf,lovo,
woman,mujer,
word,biervo;palavra,
word,byervo;palavra,
word,palavra,
work,echo,
work,lavorar,
work,lavoro,
work,ovra,
work;job,lavóro,
world,mundo,
world-wide,mundial,
worm,guzano,
worry,merikiarse,
worry;attention,kudiado;atension,
worry;preoccupation,preokupasion,
wrinkle,arrugar,
wrist;pulse,puso,
write,eskrivir,
write,redaktar,
writing;document,eskríto,
writing;redaction,redaksion,
yell;scream;shout,grito,
yes;if,si,
yesterday,ayer,
yield,render,
you,ti,
you know better,el save,
young child,krio/a,
your,tu,
zodiac,zodiako,